Workbook

Sheet Attendance
A1: year | B1: total | C1: home | D1: away | E1: legacy_team_name | F1: team_name
A2: 2000 | B2: 893926 | C2: 387475 | D2: 506451 | E2: Arizona Cardinals | F2: Arizona Cardinals
A3: 2000 | B3: 964579 | C3: 422814 | D3: 541765 | E3: Atlanta Falcons | F3: Atlanta Falcons
A4: 2000 | B4: 1062373 | C4: 551695 | D4: 510678 | E4: Baltimore Ravens | F4: Baltimore Ravens
A5: 2000 | B5: 1098587 | C5: 560695 | D5: 537892 | E5: Buffalo Bills | F5: Buffalo Bills
A6: 2000 | B6: 1095192 | C6: 583489 | D6: 511703 | E6: Carolina Panthers | F6: Carolina Panthers
A7: 2000 | B7: 1080684 | C7: 535552 | D7: 545132 | E7: Chicago Bears | F7: Chicago Bears
A8: 2000 | B8: 967434 | C8: 469992 | D8: 497442 | E8: Cincinnati Bengals | F8: Cincinnati Bengals
A9: 2000 | B9: 1057139 | C9: 581544 | D9: 475595 | E9: Cleveland Browns | F9: Cleveland Browns
A10: 2000 | B10: 1075470 | C10: 504360 | D10: 571110 | E10: Dallas Cowboys | F10: Dallas Cowboys
A11: 2000 | B11: 1140030 | C11: 604042 | D11: 535988 | E11: Denver Broncos | F11: Denver Broncos
A12: 2000 | B12: 1140926 | C12: 607076 | D12: 533850 | E12: Detroit Lions | F12: Detroit Lions
A13: 2000 | B13: 1049602 | C13: 478747 | D13: 570855 | E13: Green Bay Packers | F13: Green Bay Packers
... A639: 2019 | B639: 1101466 | C639: 523906 | D639: 577560 | E639: Washington Commanders | F639: Washington Commanders

Sheet Standings
A1: year | B1: team_name | C1: wins | D1: loss | E1: points_for | F1: points_against | G1: simple_rating | H1: offensive_ranking | I1: defensive_ranking | J1: playoffs | K1: sb_winner
A2: 2000 | B2: Jacksonville Jaguars | C2: 7 | D2: 9 | E2: 367 | F2: 327 | G2: 1.1 | H2: 3.2 | I2: -2.1 | J2: 0 | K2: 0
A3: 2000 | B3: Kansas City Chiefs | C3: 7 | D3: 9 | E3: 355 | F3: 354 | G3: 0.6 | H3: 0.1 | I3: 0.6 | J3: 0 | K3: 0
A4: 2000 | B4: Carolina Panthers | C4: 7 | D4: 9 | E4: 310 | F4: 310 | G4: -1.1 | H4: -3.6 | I4: 2.5 | J4: 0 | K4: 0
A5: 2001 | B5: Cleveland Browns | C5: 7 | D5: 9 | E5: 285 | F5: 319 | G5: -0.8 | H5: -0.9 | I5: 0.1 | J5: 0 | K5: 0
A6: 2001 | B6: Tennessee Titans | C6: 7 | D6: 9 | E6: 336 | F6: 388 | G6: -2 | H6: 2.4 | I6: -4.4 | J6: 0 | K6: 0
A7: 2001 | B7: New York Giants | C7: 7 | D7: 9 | E7: 294 | F7: 321 | G7: -1.8 | H7: -1.8 | I7: 0 | J7: 0 | K7: 0
A8: 2001 | B8: Arizona Cardinals | C8: 7 | D8: 9 | E8: 295 | F8: 343 | G8: -4.2 | H8: -1.5 | I8: -2.6 | J8: 0 | K8: 0
A9: 2001 | B9: New Orleans Saints | C9: 7 | D9: 9 | E9: 333 | F9: 409 | G9: -4.8 | H9: -0.1 | I9: -4.7 | J9: 0 | K9: 0
A10: 2001 | B10: Atlanta Falcons | C10: 7 | D10: 9 | E10: 291 | F10: 377 | G10: -4.7 | H10: -2.7 | I10: -2 | J10: 0 | K10: 0
A11: 2002 | B11: Baltimore Ravens | C11: 7 | D11: 9 | E11: 316 | F11: 354 | G11: -2.1 | H11: -1.5 | I11: -0.6 | J11: 0 | K11: 0
A12: 2002 | B12: Washington Commanders | C12: 7 | D12: 9 | E12: 307 | F12: 365 | G12: -4.5 | H12: -2.2 | I12: -2.2 | J12: 0 | K12: 0
A13: 2002 | B13: Carolina Panthers | C13: 7 | D13: 9 | E13: 258 | F13: 302 | G13: -3.3 | H13: -6 | I13: 2.8 | J13: 0 | K13: 0
... A639: 2019 | B639: Kansas City Chiefs | C639: 12 | D639: 4 | E639: 451 | F639: 308 | G639: 9.1 | H639: 6.2 | I639: 2.9 | J639: 1 | K639: 1

Sheet NFL_Teams
A1: team_name | B1: home_stadium | C1: location | D1: lat | E1: long | F1: conference | G1: division | H1: superbowl_wins | I1: year_est
A2: Buffalo Bills | B2: Highmark Stadium | C2: Orchard Park, New York | D2: 42.773773 | E2: -78.78746 | F2: AFC | G2: East | H2: 0 | I2: 1959
A3: Miami Dolphins | B3: Hard Rock Stadium | C3: Miami Gardens, Florida | D3: 25.95796 | E3: -80.239311 | F3: AFC | G3: East | H3: 2 | I3: 1965
A4: New England Patriots | B4: Gillete Stadium | C4: Foxborough, Massachusetts | D4: 42.087833 | E4: -71.258666 | F4: AFC | G4: East | H4: 6 | I4: 1959
A5: New York Jets | B5: MetLife Stadium | C5: East Rutherford, New Jersey | D5: 40.813778 | E5: -74.217121 | F5: AFC | G5: East | H5: 1 | I5: 1959
A6: Denver Broncos | B6: Empower Field at Mile High | C6: Denver, Colorado | D6: 39.744129 | E6: -105.02083 | F6: AFC | G6: West | H6: 3 | I6: 1959
A7: Kansas City Chiefs | B7: Arrowhead Stadium | C7: Kansas City, Missouri | D7: 39.048786 | E7: -94.484566 | F7: AFC | G7: West | H7: 3 | I7: 1959
A8: Las Vegas Raiders | B8: Allegiant Stadium | C8: Paradise, Nevada | D8: 36.090794 | E8: -115.18395 | F8: AFC | G8: West | H8: 3 | I8: 1960
A9: Los Angeles Chargers | B9: SoFi Stadium | C9: Inglewood, California | D9: 33.953587 | E9: -118.48244 | F9: AFC | G9: West | H9: 0 | I9: 1959
A10: Baltimore Ravens | B10: M&T Bank Stadium | C10: Baltimore, Maryland | D10: 39.278088 | E10: -76.623322 | F10: AFC | G10: North | H10: 2 | I10: 1996
A11: Cincinnati Bengals | B11: Paycor Stadium | C11: Cincinnati, Ohio | D11: 39.096306 | E11: -84.516846 | F11: AFC | G11: North | H11: 0 | I11: 1967
A12: Cleveland Browns | B12: Cleveland Browns Stadium | C12: Cleveland, Ohio | D12: 41.506035 | E12: -81.700058 | F12: AFC | G12: North | H12: 0 | I12: 1944
A13: Pittsburgh Steelers | B13: Acrisure Stadium | C13: Pittsburgh, Pennsylvania | D13: 40.441332 | E13: -80.0095 | F13: AFC | G13: North | H13: 6 | I13: 1933
... A33: Tampa Bay Buccaneers | B33: Raymond James Stadium | C33: Tampa, Florida | D33: 27.975958 | E33: -82.503693 | F33: NFC | G33: South | H33: 2 | I33: 1974

Sheet Census
A1: City | B1: team_name | C1: Median Household Income (dollars)
A2: Glendale, Arizona | B2: Arizona Cardinals | C2: 49383
A3: Inglewood, California | B3: Los Angeles Rams | C3: 46389
A4: Los Angeles, California | B4: Los Angeles Chargers | C4: 54501
A5: San Francisco, California | B5: San Francisco 49ers | C5: 96265
A6: Santa Clara, California | B6: San Francisco 49ers | C6: 108609
A7: Denver, Colorado | B7: Denver Broncos | C7: 60098
A8: Washington, District of Columbia | B8: Washington Commanders | C8: 77649
A9: Jacksonville, Florida | B9: Jacksonville Jaguars | C9: 50555
A10: Miami, Florida | B10: Miami Dolphins | C10: 33999
A11: Miami Gardens, Florida | B11: Miami Dolphins | C11: 41139
A12: Tampa, Florida | B12: Tampa Bay Buccaneers | C12: 48245
A13: Atlanta, Georgia | B13: Atlanta Falcons | C13: 51701
... A40: Oakland, California | B40: Las Vegas Raiders | C40: 63251

Sheet State_Win_Totals
A1: State | B1: Total Wins | C1: Team Count (Current)
A2: Arizona | B2: 137 | C2: 1
A3: California | B3: 454 | C3: 3
A4: Colorado | B4: 182 | C4: 1
A5: District of Columbia | B5: 0 | C5: 0
A6: Florida | B6: 414 | C6: 3
A7: Georgia | B7: 164 | C7: 1
A8: Illinois | B8: 157 | C8: 1
A9: Louisiana | B9: 183 | C9: 1
A10: Maryland | B10: 322 | C10: 2
A11: Massachusetts | B11: 237 | C11: 1
A12: Michigan | B12: 114 | C12: 1
A13: Minnesota | B13: 165 | C13: 1
... A25: Indiana | B25: 197 | C25: 1

Sheet Divisional_Ratings
A1: Team | B1: Conference | C1: Division | D1: Avg Offensive Rating | E1: Avg Defensive Rating
A2: Buffalo Bills | B2: AFC | C2: East | D2: =AVERAGEIF(Standings!$B:$B,A2,Standings!$H:$H) -> -1.62 | E2: =AVERAGEIF(Standings!$B:$B,A2,Standings!$I:$I) -> -0.255
A3: Miami Dolphins | B3: AFC | C3: East | D3: =AVERAGEIF(Standings!$B:$B,A3,Standings!$H:$H) -> -1.785 | E3: =AVERAGEIF(Standings!$B:$B,A3,Standings!$I:$I) -> 0.505
A4: New England Patriots | B4: AFC | C4: East | D4: =AVERAGEIF(Standings!$B:$B,A4,Standings!$H:$H) -> 5.5 | E4: =AVERAGEIF(Standings!$B:$B,A4,Standings!$I:$I) -> 2.97
A5: New York Jets | B5: AFC | C5: East | D5: =AVERAGEIF(Standings!$B:$B,A5,Standings!$H:$H) -> -1.68 | E5: =AVERAGEIF(Standings!$B:$B,A5,Standings!$I:$I) -> 0.6
A6: Denver Broncos | B6: AFC | C6: West | D6: =AVERAGEIF(Standings!$B:$B,A6,Standings!$H:$H) -> 1.495 | E6: =AVERAGEIF(Standings!$B:$B,A6,Standings!$I:$I) -> 0.55
A7: Kansas City Chiefs | B7: AFC | C7: West | D7: =AVERAGEIF(Standings!$B:$B,A7,Standings!$H:$H) -> 1.32 | E7: =AVERAGEIF(Standings!$B:$B,A7,Standings!$I:$I) -> 0.13
A8: Las Vegas Raiders | B8: AFC | C8: West | D8: =AVERAGEIF(Standings!$B:$B,A8,Standings!$H:$H) -> -1.635 | E8: =AVERAGEIF(Standings!$B:$B,A8,Standings!$I:$I) -> -1.995
A9: Los Angeles Chargers | B9: AFC | C9: West | D9: =AVERAGEIF(Standings!$B:$B,A9,Standings!$H:$H) -> 2.08 | E9: =AVERAGEIF(Standings!$B:$B,A9,Standings!$I:$I) -> 0.28
A10: Baltimore Ravens | B10: AFC | C10: North | D10: =AVERAGEIF(Standings!$B:$B,A10,Standings!$H:$H) -> 0.72 | E10: =AVERAGEIF(Standings!$B:$B,A10,Standings!$I:$I) -> 3.365
A11: Cincinnati Bengals | B11: AFC | C11: North | D11: =AVERAGEIF(Standings!$B:$B,A11,Standings!$H:$H) -> -0.46 | E11: =AVERAGEIF(Standings!$B:$B,A11,Standings!$I:$I) -> -0.64
A12: Cleveland Browns | B12: AFC | C12: North | D12: =AVERAGEIF(Standings!$B:$B,A12,Standings!$H:$H) -> -3.905 | E12: =AVERAGEIF(Standings!$B:$B,A12,Standings!$I:$I) -> -0.98
A13: Pittsburgh Steelers | B13: AFC | C13: North | D13: =AVERAGEIF(Standings!$B:$B,A13,Standings!$H:$H) -> 1.475 | E13: =AVERAGEIF(Standings!$B:$B,A13,Standings!$I:$I) -> 2.985
... A33: Tampa Bay Buccaneers | B33: NFC | C33: South | D33: =AVERAGEIF(Standings!$B:$B,A33,Standings!$H:$H) -> -1.605 | E33: =AVERAGEIF(Standings!$B:$B,A33,Standings!$I:$I) -> 0.25
A37: Division | B37: Conference | C37: Avg Off Rating | D37: Avg Def Rating
A38: AFC East | B38: AFC | C38: =AVERAGEIFS($D$2:$D$33,$B2:$B$33,"AFC",$C$2:$C$33,"East") -> 0.10375 | D38: =AVERAGEIFS($E$2:$E$33,$B2:$B$33,"AFC",$C$2:$C$33,"East") -> 0.955
A39: AFC North | B39: AFC | C39: =AVERAGEIFS($D$2:$D$33,$B2:$B$33,"AFC",$C$2:$C$33,"North") -> -0.5425 | D39: =AVERAGEIFS($E$2:$E$33,$B2:$B$33,"AFC",$C$2:$C$33,"North") -> 1.1825
A40: AFC South | B40: AFC | C40: =AVERAGEIFS($D$2:$D$33,$B2:$B$33,"AFC",$C$2:$C$33,"South") -> -0.31375 | D40: =AVERAGEIFS($E$2:$E$33,$B2:$B$33,"AFC",$C$2:$C$33,"South") -> -0.55736111
A41: AFC West | B41: AFC | C41: =AVERAGEIFS($D$2:$D$33,$B2:$B$33,"AFC",$C$2:$C$33,"West") -> 0.815 | D41: =AVERAGEIFS($E$2:$E$33,$B2:$B$33,"AFC",$C$2:$C$33,"West") -> -0.25875
A42: NFC East | B42: NFC | C42: =AVERAGEIFS($D$2:$D$33,$B2:$B$33,"NFC",$C$2:$C$33,"East") -> 0.0725 | D42: =AVERAGEIFS($E$2:$E$33,$B2:$B$33,"NFC",$C$2:$C$33,"East") -> 0.065
A43: NFC North | B43: NFC | C43: =AVERAGEIFS($D$2:$D$33,$B2:$B$33,"NFC",$C$2:$C$33,"North") -> 0.28625 | D43: =AVERAGEIFS($E$2:$E$33,$B2:$B$33,"NFC",$C$2:$C$33,"North") -> -0.21625
A44: NFC South | B44: NFC | C44: =AVERAGEIFS($D$2:$D$33,$B2:$B$33,"NFC",$C$2:$C$33,"South") -> 0.31625 | D44: =AVERAGEIFS($E$2:$E$33,$B2:$B$33,"NFC",$C$2:$C$33,"South") -> -0.355
A45: NFC West | B45: NFC | C45: =AVERAGEIFS($D$2:$D$33,$B2:$B$33,"NFC",$C$2:$C$33,"West") -> -0.76875 | D45: =AVERAGEIFS($E$2:$E$33,$B2:$B$33,"NFC",$C$2:$C$33,"West") -> -0.84125

Sheet Income_vs_Wins
A1: Team | B1: Median Household Income | C1: Total Wins
A2: Buffalo Bills | B2: =AVERAGEIF(Census!$B:$B,A2,Census!$C:$C) -> 61973.5 | C2: =SUMIF(Standings!$B:$B,A2,Standings!$C:$C) -> 137
A3: Miami Dolphins | B3: =AVERAGEIF(Census!$B:$B,A3,Census!$C:$C) -> 37569 | C3: =SUMIF(Standings!$B:$B,A3,Standings!$C:$C) -> 149
A4: New England Patriots | B4: =AVERAGEIF(Census!$B:$B,A4,Census!$C:$C) -> 65665 | C4: =SUMIF(Standings!$B:$B,A4,Standings!$C:$C) -> 237
A5: New York Jets | B5: =AVERAGEIF(Census!$B:$B,A5,Census!$C:$C) -> 57782 | C5: =SUMIF(Standings!$B:$B,A5,Standings!$C:$C) -> 148
A6: Denver Broncos | B6: =AVERAGEIF(Census!$B:$B,A6,Census!$C:$C) -> 60098 | C6: =SUMIF(Standings!$B:$B,A6,Standings!$C:$C) -> 182
A7: Kansas City Chiefs | B7: =AVERAGEIF(Census!$B:$B,A7,Census!$C:$C) -> 50136 | C7: =SUMIF(Standings!$B:$B,A7,Standings!$C:$C) -> 166
A8: Las Vegas Raiders | B8: =AVERAGEIF(Census!$B:$B,A8,Census!$C:$C) -> 54104.667 | C8: =SUMIF(Standings!$B:$B,A8,Standings!$C:$C) -> 125
A9: Los Angeles Chargers | B9: =AVERAGEIF(Census!$B:$B,A9,Census!$C:$C) -> 54501 | C9: =SUMIF(Standings!$B:$B,A9,Standings!$C:$C) -> 162
A10: Baltimore Ravens | B10: =AVERAGEIF(Census!$B:$B,A10,Census!$C:$C) -> 46641 | C10: =SUMIF(Standings!$B:$B,A10,Standings!$C:$C) -> 190
A11: Cincinnati Bengals | B11: =AVERAGEIF(Census!$B:$B,A11,Census!$C:$C) -> 36429 | C11: =SUMIF(Standings!$B:$B,A11,Standings!$C:$C) -> 145
A12: Cleveland Browns | B12: =AVERAGEIF(Census!$B:$B,A12,Census!$C:$C) -> 27854 | C12: =SUMIF(Standings!$B:$B,A12,Standings!$C:$C) -> 99
A13: Pittsburgh Steelers | B13: =AVERAGEIF(Census!$B:$B,A13,Census!$C:$C) -> 44092 | C13: =SUMIF(Standings!$B:$B,A13,Standings!$C:$C) -> 205
... A33: Tampa Bay Buccaneers | B33: =AVERAGEIF(Census!$B:$B,A33,Census!$C:$C) -> 48245 | C33: =SUMIF(Standings!$B:$B,A33,Standings!$C:$C) -> 138

Sheet Team_Win_Totals
A1: Team | B1: Conference | C1: Total Wins | D1: Total Losses
A2: New England Patriots | B2: AFC | C2: =SUMIF(Standings!$B:$B,A2,Standings!$C:$C) -> 237 | D2: =SUMIF(Standings!$B:$B,A2,Standings!$D:$D) -> 83
A3: Pittsburgh Steelers | B3: AFC | C3: =SUMIF(Standings!$B:$B,A3,Standings!$C:$C) -> 205 | D3: =SUMIF(Standings!$B:$B,A3,Standings!$D:$D) -> 113
A4: Indianapolis Colts | B4: AFC | C4: =SUMIF(Standings!$B:$B,A4,Standings!$C:$C) -> 197 | D4: =SUMIF(Standings!$B:$B,A4,Standings!$D:$D) -> 123
A5: Baltimore Ravens | B5: AFC | C5: =SUMIF(Standings!$B:$B,A5,Standings!$C:$C) -> 190 | D5: =SUMIF(Standings!$B:$B,A5,Standings!$D:$D) -> 130
A6: Denver Broncos | B6: AFC | C6: =SUMIF(Standings!$B:$B,A6,Standings!$C:$C) -> 182 | D6: =SUMIF(Standings!$B:$B,A6,Standings!$D:$D) -> 138
A7: Kansas City Chiefs | B7: AFC | C7: =SUMIF(Standings!$B:$B,A7,Standings!$C:$C) -> 166 | D7: =SUMIF(Standings!$B:$B,A7,Standings!$D:$D) -> 154
A8: Los Angeles Chargers | B8: AFC | C8: =SUMIF(Standings!$B:$B,A8,Standings!$C:$C) -> 162 | D8: =SUMIF(Standings!$B:$B,A8,Standings!$D:$D) -> 158
A9: Tennessee Titans | B9: AFC | C9: =SUMIF(Standings!$B:$B,A9,Standings!$C:$C) -> 160 | D9: =SUMIF(Standings!$B:$B,A9,Standings!$D:$D) -> 160
A10: Miami Dolphins | B10: AFC | C10: =SUMIF(Standings!$B:$B,A10,Standings!$C:$C) -> 149 | D10: =SUMIF(Standings!$B:$B,A10,Standings!$D:$D) -> 171
A11: New York Jets | B11: AFC | C11: =SUMIF(Standings!$B:$B,A11,Standings!$C:$C) -> 148 | D11: =SUMIF(Standings!$B:$B,A11,Standings!$D:$D) -> 172
A12: Cincinnati Bengals | B12: AFC | C12: =SUMIF(Standings!$B:$B,A12,Standings!$C:$C) -> 145 | D12: =SUMIF(Standings!$B:$B,A12,Standings!$D:$D) -> 172
A13: Buffalo Bills | B13: AFC | C13: =SUMIF(Standings!$B:$B,A13,Standings!$C:$C) -> 137 | D13: =SUMIF(Standings!$B:$B,A13,Standings!$D:$D) -> 183
... A17: Cleveland Browns | B17: AFC | C17: =SUMIF(Standings!$B:$B,A17,Standings!$C:$C) -> 99 | D17: =SUMIF(Standings!$B:$B,A17,Standings!$D:$D) -> 220
C18: =SUMIF(Standings!$B:$B,A18,Standings!$C:$C) -> 0 | D18: =SUMIF(Standings!$B:$B,A18,Standings!$D:$D) -> 0
A19: Green Bay Packers | B19: NFC | C19: =SUMIF(Standings!$B:$B,A19,Standings!$C:$C) -> 197 | D19: =SUMIF(Standings!$B:$B,A19,Standings!$D:$D) -> 121
A20: Philadelphia Eagles | B20: NFC | C20: =SUMIF(Standings!$B:$B,A20,Standings!$C:$C) -> 190 | D20: =SUMIF(Standings!$B:$B,A20,Standings!$D:$D) -> 129
A21: New Orleans Saints | B21: NFC | C21: =SUMIF(Standings!$B:$B,A21,Standings!$C:$C) -> 183 | D21: =SUMIF(Standings!$B:$B,A21,Standings!$D:$D) -> 137
A22: Seattle Seahawks | B22: NFC | C22: =SUMIF(Standings!$B:$B,A22,Standings!$C:$C) -> 182 | D22: =SUMIF(Standings!$B:$B,A22,Standings!$D:$D) -> 137
A23: Dallas Cowboys | B23: NFC | C23: =SUMIF(Standings!$B:$B,A23,Standings!$C:$C) -> 168 | D23: =SUMIF(Standings!$B:$B,A23,Standings!$D:$D) -> 152
A24: Minnesota Vikings | B24: NFC | C24: =SUMIF(Standings!$B:$B,A24,Standings!$C:$C) -> 165 | D24: =SUMIF(Standings!$B:$B,A24,Standings!$D:$D) -> 153
A25: Atlanta Falcons | B25: NFC | C25: =SUMIF(Standings!$B:$B,A25,Standings!$C:$C) -> 164 | D25: =SUMIF(Standings!$B:$B,A25,Standings!$D:$D) -> 155
A26: New York Giants | B26: NFC | C26: =SUMIF(Standings!$B:$B,A26,Standings!$C:$C) -> 158 | D26: =SUMIF(Standings!$B:$B,A26,Standings!$D:$D) -> 162
A27: Chicago Bears | B27: NFC | C27: =SUMIF(Standings!$B:$B,A27,Standings!$C:$C) -> 157 | D27: =SUMIF(Standings!$B:$B,A27,Standings!$D:$D) -> 163
A28: Carolina Panthers | B28: NFC | C28: =SUMIF(Standings!$B:$B,A28,Standings!$C:$C) -> 157 | D28: =SUMIF(Standings!$B:$B,A28,Standings!$D:$D) -> 162
A29: San Francisco 49ers | B29: NFC | C29: =SUMIF(Standings!$B:$B,A29,Standings!$C:$C) -> 148 | D29: =SUMIF(Standings!$B:$B,A29,Standings!$D:$D) -> 171
A30: Los Angeles Rams | B30: NFC | C30: =SUMIF(Standings!$B:$B,A30,Standings!$C:$C) -> 144 | D30: =SUMIF(Standings!$B:$B,A30,Standings!$D:$D) -> 175
... A34: Detroit Lions | B34: NFC | C34: =SUMIF(Standings!$B:$B,A34,Standings!$C:$C) -> 114 | D34: =SUMIF(Standings!$B:$B,A34,Standings!$D:$D) -> 205

Sheet Performance_Rating_Trends
A1: Year | B1: New England Patriots | C1: Pittsburgh Steelers | D1: Green Bay Packers | E1: Philadelphia Eagles | F1: Cleveland Browns | G1: Detroit Lions | H1: Washington Commanders | I1: Jacksonville Jaguars | J1: New York Jets | K1: Los Angeles Rams
A2: 2000 | B2: =AVERAGEIFS(Standings!$G:$G,Standings!$B:$B,"New England Patriots",Standings!$A:$A,A2) -> -2.5 | C2: =AVERAGEIFS(Standings!$G:$G,Standings!$B:$B,"Pittsburgh Steelers",Standings!$A:$A,A2) -> 3.9 | D2: =AVERAGEIFS(Standings!$G:$G,Standings!$B:$B,"Green Bay Packers",Standings!$A:$A,A2) -> 2.5 | E2: =AVERAGEIFS(Standings!$G:$G,Standings!$B:$B,"Philadelphia Eagles",Standings!$A:$A,A2) -> 3.1 | F2: =AVERAGEIFS(Standings!$G:$G,Standings!$B:$B,"Cleveland Browns",Standings!$A:$A,A2) -> -14.6 | G2: =AVERAGEIFS(Standings!$G:$G,Standings!$B:$B,"Detroit Lions",Standings!$A:$A,A2) -> 1.4 | H2: =AVERAGEIFS(Standings!$G:$G,Standings!$B:$B,"Washington Commanders",Standings!$A:$A,A2) -> 1 | I2: =AVERAGEIFS(Standings!$G:$G,Standings!$B:$B,"Jacksonville Jaguars",Standings!$A:$A,A2) -> 1.1 | J2: =AVERAGEIFS(Standings!$G:$G,Standings!$B:$B,"New York Jets",Standings!$A:$A,A2) -> 3.5 | K2: =AVERAGEIFS(Standings!$G:$G,Standings!$B:$B,"Los Angeles Rams",Standings!$A:$A,A2) -> 3.1
A3: =A2 +1 -> 2001 | B3: =AVERAGEIFS(Standings!$G:$G,Standings!$B:$B,"New England Patriots",Standings!$A:$A,A3) -> 4.3 | C3: =AVERAGEIFS(Standings!$G:$G,Standings!$B:$B,"Pittsburgh Steelers",Standings!$A:$A,A3) -> 7.4 | D3: =AVERAGEIFS(Standings!$G:$G,Standings!$B:$B,"Green Bay Packers",Standings!$A:$A,A3) -> 6.6 | E3: =AVERAGEIFS(Standings!$G:$G,Standings!$B:$B,"Philadelphia Eagles",Standings!$A:$A,A3) -> 7.7 | F3: =AVERAGEIFS(Standings!$G:$G,Standings!$B:$B,"Cleveland Browns",Standings!$A:$A,A3) -> -0.8 | G3: =AVERAGEIFS(Standings!$G:$G,Standings!$B:$B,"Detroit Lions",Standings!$A:$A,A3) -> -7.2 | H3: =AVERAGEIFS(Standings!$G:$G,Standings!$B:$B,"Washington Commanders",Standings!$A:$A,A3) -> -3.7 | I3: =AVERAGEIFS(Standings!$G:$G,Standings!$B:$B,"Jacksonville Jaguars",Standings!$A:$A,A3) -> 0.9 | J3: =AVERAGEIFS(Standings!$G:$G,Standings!$B:$B,"New York Jets",Standings!$A:$A,A3) -> 0.8 | K3: =AVERAGEIFS(Standings!$G:$G,Standings!$B:$B,"Los Angeles Rams",Standings!$A:$A,A3) -> 13.4
A4: =A3 +1 -> 2002 | B4: =AVERAGEIFS(Standings!$G:$G,Standings!$B:$B,"New England Patriots",Standings!$A:$A,A4) -> 4 | C4: =AVERAGEIFS(Standings!$G:$G,Standings!$B:$B,"Pittsburgh Steelers",Standings!$A:$A,A4) -> 2.7 | D4: =AVERAGEIFS(Standings!$G:$G,Standings!$B:$B,"Green Bay Packers",Standings!$A:$A,A4) -> 3.6 | E4: =AVERAGEIFS(Standings!$G:$G,Standings!$B:$B,"Philadelphia Eagles",Standings!$A:$A,A4) -> 8.3 | F4: =AVERAGEIFS(Standings!$G:$G,Standings!$B:$B,"Cleveland Browns",Standings!$A:$A,A4) -> 1.2 | G4: =AVERAGEIFS(Standings!$G:$G,Standings!$B:$B,"Detroit Lions",Standings!$A:$A,A4) -> -9.2 | H4: =AVERAGEIFS(Standings!$G:$G,Standings!$B:$B,"Washington Commanders",Standings!$A:$A,A4) -> -4.5 | I4: =AVERAGEIFS(Standings!$G:$G,Standings!$B:$B,"Jacksonville Jaguars",Standings!$A:$A,A4) -> -0.2 | J4: =AVERAGEIFS(Standings!$G:$G,Standings!$B:$B,"New York Jets",Standings!$A:$A,A4) -> 3.2 | K4: =AVERAGEIFS(Standings!$G:$G,Standings!$B:$B,"Los Angeles Rams",Standings!$A:$A,A4) -> -3.3
A5: =A4 +1 -> 2003 | B5: =AVERAGEIFS(Standings!$G:$G,Standings!$B:$B,"New England Patriots",Standings!$A:$A,A5) -> 6.9 | C5: =AVERAGEIFS(Standings!$G:$G,Standings!$B:$B,"Pittsburgh Steelers",Standings!$A:$A,A5) -> -1.1 | D5: =AVERAGEIFS(Standings!$G:$G,Standings!$B:$B,"Green Bay Packers",Standings!$A:$A,A5) -> 8.1 | E5: =AVERAGEIFS(Standings!$G:$G,Standings!$B:$B,"Philadelphia Eagles",Standings!$A:$A,A5) -> 4.4 | F5: =AVERAGEIFS(Standings!$G:$G,Standings!$B:$B,"Cleveland Browns",Standings!$A:$A,A5) -> -2.9 | G5: =AVERAGEIFS(Standings!$G:$G,Standings!$B:$B,"Detroit Lions",Standings!$A:$A,A5) -> -5.8 | H5: =AVERAGEIFS(Standings!$G:$G,Standings!$B:$B,"Washington Commanders",Standings!$A:$A,A5) -> -5.7 | I5: =AVERAGEIFS(Standings!$G:$G,Standings!$B:$B,"Jacksonville Jaguars",Standings!$A:$A,A5) -> -2.4 | J5: =AVERAGEIFS(Standings!$G:$G,Standings!$B:$B,"New York Jets",Standings!$A:$A,A5) -> -0.6 | K5: =AVERAGEIFS(Standings!$G:$G,Standings!$B:$B,"Los Angeles Rams",Standings!$A:$A,A5) -> 5.9
A6: =A5 +1 -> 2004 | B6: =AVERAGEIFS(Standings!$G:$G,Standings!$B:$B,"New England Patriots",Standings!$A:$A,A6) -> 12.8 | C6: =AVERAGEIFS(Standings!$G:$G,Standings!$B:$B,"Pittsburgh Steelers",Standings!$A:$A,A6) -> 9 | D6: =AVERAGEIFS(Standings!$G:$G,Standings!$B:$B,"Green Bay Packers",Standings!$A:$A,A6) -> 0.3 | E6: =AVERAGEIFS(Standings!$G:$G,Standings!$B:$B,"Philadelphia Eagles",Standings!$A:$A,A6) -> 5.6 | F6: =AVERAGEIFS(Standings!$G:$G,Standings!$B:$B,"Cleveland Browns",Standings!$A:$A,A6) -> -3.4 | G6: =AVERAGEIFS(Standings!$G:$G,Standings!$B:$B,"Detroit Lions",Standings!$A:$A,A6) -> -5.2 | H6: =AVERAGEIFS(Standings!$G:$G,Standings!$B:$B,"Washington Commanders",Standings!$A:$A,A6) -> -3.4 | I6: =AVERAGEIFS(Standings!$G:$G,Standings!$B:$B,"Jacksonville Jaguars",Standings!$A:$A,A6) -> 0.8 | J6: =AVERAGEIFS(Standings!$G:$G,Standings!$B:$B,"New York Jets",Standings!$A:$A,A6) -> 6.6 | K6: =AVERAGEIFS(Standings!$G:$G,Standings!$B:$B,"Los Angeles Rams",Standings!$A:$A,A6) -> -6
A7: =A6 +1 -> 2005 | B7: =AVERAGEIFS(Standings!$G:$G,Standings!$B:$B,"New England Patriots",Standings!$A:$A,A7) -> 3.1 | C7: =AVERAGEIFS(Standings!$G:$G,Standings!$B:$B,"Pittsburgh Steelers",Standings!$A:$A,A7) -> 7.8 | D7: =AVERAGEIFS(Standings!$G:$G,Standings!$B:$B,"Green Bay Packers",Standings!$A:$A,A7) -> -3.7 | E7: =AVERAGEIFS(Standings!$G:$G,Standings!$B:$B,"Philadelphia Eagles",Standings!$A:$A,A7) -> -2.3 | F7: =AVERAGEIFS(Standings!$G:$G,Standings!$B:$B,"Cleveland Browns",Standings!$A:$A,A7) -> -4.2 | G7: =AVERAGEIFS(Standings!$G:$G,Standings!$B:$B,"Detroit Lions",Standings!$A:$A,A7) -> -6.7 | H7: =AVERAGEIFS(Standings!$G:$G,Standings!$B:$B,"Washington Commanders",Standings!$A:$A,A7) -> 6 | I7: =AVERAGEIFS(Standings!$G:$G,Standings!$B:$B,"Jacksonville Jaguars",Standings!$A:$A,A7) -> 4.8 | J7: =AVERAGEIFS(Standings!$G:$G,Standings!$B:$B,"New York Jets",Standings!$A:$A,A7) -> -6.4 | K7: =AVERAGEIFS(Standings!$G:$G,Standings!$B:$B,"Los Angeles Rams",Standings!$A:$A,A7) -> -5.1
A8: =A7 +1 -> 2006 | B8: =AVERAGEIFS(Standings!$G:$G,Standings!$B:$B,"New England Patriots",Standings!$A:$A,A8) -> 10.2 | C8: =AVERAGEIFS(Standings!$G:$G,Standings!$B:$B,"Pittsburgh Steelers",Standings!$A:$A,A8) -> 3.4 | D8: =AVERAGEIFS(Standings!$G:$G,Standings!$B:$B,"Green Bay Packers",Standings!$A:$A,A8) -> -4.4 | E8: =AVERAGEIFS(Standings!$G:$G,Standings!$B:$B,"Philadelphia Eagles",Standings!$A:$A,A8) -> 3.4 | F8: =AVERAGEIFS(Standings!$G:$G,Standings!$B:$B,"Cleveland Browns",Standings!$A:$A,A8) -> -5.8 | G8: =AVERAGEIFS(Standings!$G:$G,Standings!$B:$B,"Detroit Lions",Standings!$A:$A,A8) -> -6.4 | H8: =AVERAGEIFS(Standings!$G:$G,Standings!$B:$B,"Washington Commanders",Standings!$A:$A,A8) -> -4 | I8: =AVERAGEIFS(Standings!$G:$G,Standings!$B:$B,"Jacksonville Jaguars",Standings!$A:$A,A8) -> 7.5 | J8: =AVERAGEIFS(Standings!$G:$G,Standings!$B:$B,"New York Jets",Standings!$A:$A,A8) -> 2 | K8: =AVERAGEIFS(Standings!$G:$G,Standings!$B:$B,"Los Angeles Rams",Standings!$A:$A,A8) -> -4
A9: =A8 +1 -> 2007 | B9: =AVERAGEIFS(Standings!$G:$G,Standings!$B:$B,"New England Patriots",Standings!$A:$A,A9) -> 20.1 | C9: =AVERAGEIFS(Standings!$G:$G,Standings!$B:$B,"Pittsburgh Steelers",Standings!$A:$A,A9) -> 5.2 | D9: =AVERAGEIFS(Standings!$G:$G,Standings!$B:$B,"Green Bay Packers",Standings!$A:$A,A9) -> 9 | E9: =AVERAGEIFS(Standings!$G:$G,Standings!$B:$B,"Philadelphia Eagles",Standings!$A:$A,A9) -> 5.3 | F9: =AVERAGEIFS(Standings!$G:$G,Standings!$B:$B,"Cleveland Browns",Standings!$A:$A,A9) -> -1.1 | G9: =AVERAGEIFS(Standings!$G:$G,Standings!$B:$B,"Detroit Lions",Standings!$A:$A,A9) -> -3.6 | H9: =AVERAGEIFS(Standings!$G:$G,Standings!$B:$B,"Washington Commanders",Standings!$A:$A,A9) -> 4.5 | I9: =AVERAGEIFS(Standings!$G:$G,Standings!$B:$B,"Jacksonville Jaguars",Standings!$A:$A,A9) -> 6.8 | J9: =AVERAGEIFS(Standings!$G:$G,Standings!$B:$B,"New York Jets",Standings!$A:$A,A9) -> -3.7 | K9: =AVERAGEIFS(Standings!$G:$G,Standings!$B:$B,"Los Angeles Rams",Standings!$A:$A,A9) -> -13
A10: =A9 +1 -> 2008 | B10: =AVERAGEIFS(Standings!$G:$G,Standings!$B:$B,"New England Patriots",Standings!$A:$A,A10) -> 3.9 | C10: =AVERAGEIFS(Standings!$G:$G,Standings!$B:$B,"Pittsburgh Steelers",Standings!$A:$A,A10) -> 9.8 | D10: =AVERAGEIFS(Standings!$G:$G,Standings!$B:$B,"Green Bay Packers",Standings!$A:$A,A10) -> 2.9 | E10: =AVERAGEIFS(Standings!$G:$G,Standings!$B:$B,"Philadelphia Eagles",Standings!$A:$A,A10) -> 7.8 | F10: =AVERAGEIFS(Standings!$G:$G,Standings!$B:$B,"Cleveland Browns",Standings!$A:$A,A10) -> -4.6 | G10: =AVERAGEIFS(Standings!$G:$G,Standings!$B:$B,"Detroit Lions",Standings!$A:$A,A10) -> -13.1 | H10: =AVERAGEIFS(Standings!$G:$G,Standings!$B:$B,"Washington Commanders",Standings!$A:$A,A10) -> -1.8 | I10: =AVERAGEIFS(Standings!$G:$G,Standings!$B:$B,"Jacksonville Jaguars",Standings!$A:$A,A10) -> -2.5 | J10: =AVERAGEIFS(Standings!$G:$G,Standings!$B:$B,"New York Jets",Standings!$A:$A,A10) -> 0.2 | K10: =AVERAGEIFS(Standings!$G:$G,Standings!$B:$B,"Los Angeles Rams",Standings!$A:$A,A10) -> -15.1
A11: =A10 +1 -> 2009 | B11: =AVERAGEIFS(Standings!$G:$G,Standings!$B:$B,"New England Patriots",Standings!$A:$A,A11) -> 11.2 | C11: =AVERAGEIFS(Standings!$G:$G,Standings!$B:$B,"Pittsburgh Steelers",Standings!$A:$A,A11) -> 1.7 | D11: =AVERAGEIFS(Standings!$G:$G,Standings!$B:$B,"Green Bay Packers",Standings!$A:$A,A11) -> 7.4 | E11: =AVERAGEIFS(Standings!$G:$G,Standings!$B:$B,"Philadelphia Eagles",Standings!$A:$A,A11) -> 6 | F11: =AVERAGEIFS(Standings!$G:$G,Standings!$B:$B,"Cleveland Browns",Standings!$A:$A,A11) -> -8.4 | G11: =AVERAGEIFS(Standings!$G:$G,Standings!$B:$B,"Detroit Lions",Standings!$A:$A,A11) -> -14.4 | H11: =AVERAGEIFS(Standings!$G:$G,Standings!$B:$B,"Washington Commanders",Standings!$A:$A,A11) -> -4.6 | I11: =AVERAGEIFS(Standings!$G:$G,Standings!$B:$B,"Jacksonville Jaguars",Standings!$A:$A,A11) -> -6.5 | J11: =AVERAGEIFS(Standings!$G:$G,Standings!$B:$B,"New York Jets",Standings!$A:$A,A11) -> 8.6 | K11: =AVERAGEIFS(Standings!$G:$G,Standings!$B:$B,"Los Angeles Rams",Standings!$A:$A,A11) -> -17.4
A12: =A11 +1 -> 2010 | B12: =AVERAGEIFS(Standings!$G:$G,Standings!$B:$B,"New England Patriots",Standings!$A:$A,A12) -> 15.4 | C12: =AVERAGEIFS(Standings!$G:$G,Standings!$B:$B,"Pittsburgh Steelers",Standings!$A:$A,A12) -> 10.2 | D12: =AVERAGEIFS(Standings!$G:$G,Standings!$B:$B,"Green Bay Packers",Standings!$A:$A,A12) -> 10.9 | E12: =AVERAGEIFS(Standings!$G:$G,Standings!$B:$B,"Philadelphia Eagles",Standings!$A:$A,A12) -> 4.2 | F12: =AVERAGEIFS(Standings!$G:$G,Standings!$B:$B,"Cleveland Browns",Standings!$A:$A,A12) -> -1.5 | G12: =AVERAGEIFS(Standings!$G:$G,Standings!$B:$B,"Detroit Lions",Standings!$A:$A,A12) -> 1.9 | H12: =AVERAGEIFS(Standings!$G:$G,Standings!$B:$B,"Washington Commanders",Standings!$A:$A,A12) -> -3.8 | I12: =AVERAGEIFS(Standings!$G:$G,Standings!$B:$B,"Jacksonville Jaguars",Standings!$A:$A,A12) -> -4.5 | J12: =AVERAGEIFS(Standings!$G:$G,Standings!$B:$B,"New York Jets",Standings!$A:$A,A12) -> 6.5 | K12: =AVERAGEIFS(Standings!$G:$G,Standings!$B:$B,"Los Angeles Rams",Standings!$A:$A,A12) -> -6.7
A13: =A12 +1 -> 2011 | B13: =AVERAGEIFS(Standings!$G:$G,Standings!$B:$B,"New England Patriots",Standings!$A:$A,A13) -> 9.3 | C13: =AVERAGEIFS(Standings!$G:$G,Standings!$B:$B,"Pittsburgh Steelers",Standings!$A:$A,A13) -> 5.3 | D13: =AVERAGEIFS(Standings!$G:$G,Standings!$B:$B,"Green Bay Packers",Standings!$A:$A,A13) -> 11.4 | E13: =AVERAGEIFS(Standings!$G:$G,Standings!$B:$B,"Philadelphia Eagles",Standings!$A:$A,A13) -> 4.7 | F13: =AVERAGEIFS(Standings!$G:$G,Standings!$B:$B,"Cleveland Browns",Standings!$A:$A,A13) -> -5.4 | G13: =AVERAGEIFS(Standings!$G:$G,Standings!$B:$B,"Detroit Lions",Standings!$A:$A,A13) -> 6.1 | H13: =AVERAGEIFS(Standings!$G:$G,Standings!$B:$B,"Washington Commanders",Standings!$A:$A,A13) -> -4.1 | I13: =AVERAGEIFS(Standings!$G:$G,Standings!$B:$B,"Jacksonville Jaguars",Standings!$A:$A,A13) -> -5.6 | J13: =AVERAGEIFS(Standings!$G:$G,Standings!$B:$B,"New York Jets",Standings!$A:$A,A13) -> 0.9 | K13: =AVERAGEIFS(Standings!$G:$G,Standings!$B:$B,"Los Angeles Rams",Standings!$A:$A,A13) -> -10.4
A14: =A13 +1 -> 2012 | B14: =AVERAGEIFS(Standings!$G:$G,Standings!$B:$B,"New England Patriots",Standings!$A:$A,A14) -> 12.8 | C14: =AVERAGEIFS(Standings!$G:$G,Standings!$B:$B,"Pittsburgh Steelers",Standings!$A:$A,A14) -> -0.7 | D14: =AVERAGEIFS(Standings!$G:$G,Standings!$B:$B,"Green Bay Packers",Standings!$A:$A,A14) -> 7.3 | E14: =AVERAGEIFS(Standings!$G:$G,Standings!$B:$B,"Philadelphia Eagles",Standings!$A:$A,A14) -> -8.9 | F14: =AVERAGEIFS(Standings!$G:$G,Standings!$B:$B,"Cleveland Browns",Standings!$A:$A,A14) -> -5.3 | G14: =AVERAGEIFS(Standings!$G:$G,Standings!$B:$B,"Detroit Lions",Standings!$A:$A,A14) -> -2.3 | H14: =AVERAGEIFS(Standings!$G:$G,Standings!$B:$B,"Washington Commanders",Standings!$A:$A,A14) -> 3.4 | I14: =AVERAGEIFS(Standings!$G:$G,Standings!$B:$B,"Jacksonville Jaguars",Standings!$A:$A,A14) -> -13 | J14: =AVERAGEIFS(Standings!$G:$G,Standings!$B:$B,"New York Jets",Standings!$A:$A,A14) -> -5.9 | K14: =AVERAGEIFS(Standings!$G:$G,Standings!$B:$B,"Los Angeles Rams",Standings!$A:$A,A14) -> 0.4
... A21: =A20 +1 -> 2019 | B21: =AVERAGEIFS(Standings!$G:$G,Standings!$B:$B,"New England Patriots",Standings!$A:$A,A21) -> 10.4 | C21: =AVERAGEIFS(Standings!$G:$G,Standings!$B:$B,"Pittsburgh Steelers",Standings!$A:$A,A21) -> 0.3 | D21: =AVERAGEIFS(Standings!$G:$G,Standings!$B:$B,"Green Bay Packers",Standings!$A:$A,A21) -> 3.2 | E21: =AVERAGEIFS(Standings!$G:$G,Standings!$B:$B,"Philadelphia Eagles",Standings!$A:$A,A21) -> 0.3 | F21: =AVERAGEIFS(Standings!$G:$G,Standings!$B:$B,"Cleveland Browns",Standings!$A:$A,A21) -> -1.9 | G21: =AVERAGEIFS(Standings!$G:$G,Standings!$B:$B,"Detroit Lions",Standings!$A:$A,A21) -> -5.2 | H21: =AVERAGEIFS(Standings!$G:$G,Standings!$B:$B,"Washington Commanders",Standings!$A:$A,A21) -> -10.8 | I21: =AVERAGEIFS(Standings!$G:$G,Standings!$B:$B,"Jacksonville Jaguars",Standings!$A:$A,A21) -> -6.7 | J21: =AVERAGEIFS(Standings!$G:$G,Standings!$B:$B,"New York Jets",Standings!$A:$A,A21) -> -6.3 | K21: =AVERAGEIFS(Standings!$G:$G,Standings!$B:$B,"Los Angeles Rams",Standings!$A:$A,A21) -> 3.9

Sheet Team_Summary
A1: team_name | B1: Conference | C1: Division | D1: Total Wins | E1: Total Losses | F1: Avg Offensive Rating | G1: Avg Defensive Rating | H1: Playoff Appearances | I1: Super Bowl Wins
A2: Buffalo Bills | B2: AFC | C2: East | D2: =SUMIF(Standings!$B:$B,A2,Standings!$C:$C) -> 137 | E2: =SUMIF(Standings!$B:$B,A2,Standings!$D:$D) -> 183 | F2: =AVERAGEIF(Standings!$B:$B,A2,Standings!$H:$H) -> -1.62 | G2: =AVERAGEIF(Standings!$B:$B,A2,Standings!$I:$I) -> -0.255 | H2: =SUMIF(Standings!$B:$B,A2,Standings!$J:$J) -> 2 | I2: =SUMIF(Standings!$B:$B,A2,Standings!$K:$K) -> 0
A3: Miami Dolphins | B3: AFC | C3: East | D3: =SUMIF(Standings!$B:$B,A3,Standings!$C:$C) -> 149 | E3: =SUMIF(Standings!$B:$B,A3,Standings!$D:$D) -> 171 | F3: =AVERAGEIF(Standings!$B:$B,A3,Standings!$H:$H) -> -1.785 | G3: =AVERAGEIF(Standings!$B:$B,A3,Standings!$I:$I) -> 0.505 | H3: =SUMIF(Standings!$B:$B,A3,Standings!$J:$J) -> 4 | I3: =SUMIF(Standings!$B:$B,A3,Standings!$K:$K) -> 0
A4: New England Patriots | B4: AFC | C4: East | D4: =SUMIF(Standings!$B:$B,A4,Standings!$C:$C) -> 237 | E4: =SUMIF(Standings!$B:$B,A4,Standings!$D:$D) -> 83 | F4: =AVERAGEIF(Standings!$B:$B,A4,Standings!$H:$H) -> 5.5 | G4: =AVERAGEIF(Standings!$B:$B,A4,Standings!$I:$I) -> 2.97 | H4: =SUMIF(Standings!$B:$B,A4,Standings!$J:$J) -> 17 | I4: =SUMIF(Standings!$B:$B,A4,Standings!$K:$K) -> 6
A5: New York Jets | B5: AFC | C5: East | D5: =SUMIF(Standings!$B:$B,A5,Standings!$C:$C) -> 148 | E5: =SUMIF(Standings!$B:$B,A5,Standings!$D:$D) -> 172 | F5: =AVERAGEIF(Standings!$B:$B,A5,Standings!$H:$H) -> -1.68 | G5: =AVERAGEIF(Standings!$B:$B,A5,Standings!$I:$I) -> 0.6 | H5: =SUMIF(Standings!$B:$B,A5,Standings!$J:$J) -> 6 | I5: =SUMIF(Standings!$B:$B,A5,Standings!$K:$K) -> 0
A6: Denver Broncos | B6: AFC | C6: West | D6: =SUMIF(Standings!$B:$B,A6,Standings!$C:$C) -> 182 | E6: =SUMIF(Standings!$B:$B,A6,Standings!$D:$D) -> 138 | F6: =AVERAGEIF(Standings!$B:$B,A6,Standings!$H:$H) -> 1.495 | G6: =AVERAGEIF(Standings!$B:$B,A6,Standings!$I:$I) -> 0.55 | H6: =SUMIF(Standings!$B:$B,A6,Standings!$J:$J) -> 9 | I6: =SUMIF(Standings!$B:$B,A6,Standings!$K:$K) -> 1
A7: Kansas City Chiefs | B7: AFC | C7: West | D7: =SUMIF(Standings!$B:$B,A7,Standings!$C:$C) -> 166 | E7: =SUMIF(Standings!$B:$B,A7,Standings!$D:$D) -> 154 | F7: =AVERAGEIF(Standings!$B:$B,A7,Standings!$H:$H) -> 1.32 | G7: =AVERAGEIF(Standings!$B:$B,A7,Standings!$I:$I) -> 0.13 | H7: =SUMIF(Standings!$B:$B,A7,Standings!$J:$J) -> 9 | I7: =SUMIF(Standings!$B:$B,A7,Standings!$K:$K) -> 1
A8: Las Vegas Raiders | B8: AFC | C8: West | D8: =SUMIF(Standings!$B:$B,A8,Standings!$C:$C) -> 125 | E8: =SUMIF(Standings!$B:$B,A8,Standings!$D:$D) -> 195 | F8: =AVERAGEIF(Standings!$B:$B,A8,Standings!$H:$H) -> -1.635 | G8: =AVERAGEIF(Standings!$B:$B,A8,Standings!$I:$I) -> -1.995 | H8: =SUMIF(Standings!$B:$B,A8,Standings!$J:$J) -> 4 | I8: =SUMIF(Standings!$B:$B,A8,Standings!$K:$K) -> 0
A9: Los Angeles Chargers | B9: AFC | C9: West | D9: =SUMIF(Standings!$B:$B,A9,Standings!$C:$C) -> 162 | E9: =SUMIF(Standings!$B:$B,A9,Standings!$D:$D) -> 158 | F9: =AVERAGEIF(Standings!$B:$B,A9,Standings!$H:$H) -> 2.08 | G9: =AVERAGEIF(Standings!$B:$B,A9,Standings!$I:$I) -> 0.28 | H9: =SUMIF(Standings!$B:$B,A9,Standings!$J:$J) -> 7 | I9: =SUMIF(Standings!$B:$B,A9,Standings!$K:$K) -> 0
A10: Baltimore Ravens | B10: AFC | C10: North | D10: =SUMIF(Standings!$B:$B,A10,Standings!$C:$C) -> 190 | E10: =SUMIF(Standings!$B:$B,A10,Standings!$D:$D) -> 130 | F10: =AVERAGEIF(Standings!$B:$B,A10,Standings!$H:$H) -> 0.72 | G10: =AVERAGEIF(Standings!$B:$B,A10,Standings!$I:$I) -> 3.365 | H10: =SUMIF(Standings!$B:$B,A10,Standings!$J:$J) -> 12 | I10: =SUMIF(Standings!$B:$B,A10,Standings!$K:$K) -> 2
A11: Cincinnati Bengals | B11: AFC | C11: North | D11: =SUMIF(Standings!$B:$B,A11,Standings!$C:$C) -> 145 | E11: =SUMIF(Standings!$B:$B,A11,Standings!$D:$D) -> 172 | F11: =AVERAGEIF(Standings!$B:$B,A11,Standings!$H:$H) -> -0.46 | G11: =AVERAGEIF(Standings!$B:$B,A11,Standings!$I:$I) -> -0.64 | H11: =SUMIF(Standings!$B:$B,A11,Standings!$J:$J) -> 7 | I11: =SUMIF(Standings!$B:$B,A11,Standings!$K:$K) -> 0
A12: Cleveland Browns | B12: AFC | C12: North | D12: =SUMIF(Standings!$B:$B,A12,Standings!$C:$C) -> 99 | E12: =SUMIF(Standings!$B:$B,A12,Standings!$D:$D) -> 220 | F12: =AVERAGEIF(Standings!$B:$B,A12,Standings!$H:$H) -> -3.905 | G12: =AVERAGEIF(Standings!$B:$B,A12,Standings!$I:$I) -> -0.98 | H12: =SUMIF(Standings!$B:$B,A12,Standings!$J:$J) -> 1 | I12: =SUMIF(Standings!$B:$B,A12,Standings!$K:$K) -> 0
A13: Pittsburgh Steelers | B13: AFC | C13: North | D13: =SUMIF(Standings!$B:$B,A13,Standings!$C:$C) -> 205 | E13: =SUMIF(Standings!$B:$B,A13,Standings!$D:$D) -> 113 | F13: =AVERAGEIF(Standings!$B:$B,A13,Standings!$H:$H) -> 1.475 | G13: =AVERAGEIF(Standings!$B:$B,A13,Standings!$I:$I) -> 2.985 | H13: =SUMIF(Standings!$B:$B,A13,Standings!$J:$J) -> 12 | I13: =SUMIF(Standings!$B:$B,A13,Standings!$K:$K) -> 2
... A33: Tampa Bay Buccaneers | B33: NFC | C33: South | D33: =SUMIF(Standings!$B:$B,A33,Standings!$C:$C) -> 138 | E33: =SUMIF(Standings!$B:$B,A33,Standings!$D:$D) -> 182 | F33: =AVERAGEIF(Standings!$B:$B,A33,Standings!$H:$H) -> -1.605 | G33: =AVERAGEIF(Standings!$B:$B,A33,Standings!$I:$I) -> 0.25 | H33: =SUMIF(Standings!$B:$B,A33,Standings!$J:$J) -> 5 | I33: =SUMIF(Standings!$B:$B,A33,Standings!$K:$K) -> 1
